id,course_num,name,description,credit,section_info,deg_attribute,section_title,software_foundation,algorithm,ai_ml,hsi,media,scientific_comp,distributed,machines
1,100,Freshman Orientation,Introduction to Computer Science as a field and career for computer science majors. Overview of the field and specific examples of problem areas and methods of solution.,1 hour,,,,,,,,,,,
2,101,Intro Computing: Engrg & Sci,"Fundamental principles, concepts, and methods of computing, with emphasis on applications in the physical sciences and engineering. Basic problem solving and programming techniques; fundamental algorithms and data structures; use of computers in solving engineering and scientific problems. Intended for engineering and science majors. Prerequisite: MATH 220 or MATH 221.",3 hour,Prerequisite: MATH 220 or MATH 221.,Quantitative Reasoning II course.,,,,,,,,,
3,102,Little Bits to Big Ideas,Same as INFO 102. See INFO 102.,4 hour,Same as INFO 102. See INFO 102.,,,,,,,,,,
4,105,Intro Computing: Non-Tech,"Computing as an essential tool of academic and professional activities. Functions and interrelationships of computer system components: hardware, systems and applications software, and networks. Widely used application packages such as spreadsheets and databases. Concepts and practice of programming for the solution of simple problems in different application areas. Intended for non-science and non-engineering majors. Prerequisite: MATH 112.",3 hour,Prerequisite: MATH 112.,Quantitative Reasoning I course.,,,,,,,,,
5,107,Data Science Discovery,Same as IS 107 and STAT 107. See STAT 107.,4 hour,Same as IS 107 and STAT 107. See STAT 107.,Quantitative Reasoning I course.,,,,,,,,,
6,125,Intro to Computer Science,Basic concepts in computing and fundamental techniques for solving computational problems. Intended as a first course for computer science majors and others with a deep interest in computing. Prerequisite: Three years of high school mathematics or MATH 112.,4 hour,Prerequisite: Three years of high school mathematics or MATH 112.,Quantitative Reasoning I course.,,,,,,,,,
7,126,Software Design Studio,"Fundamental principles and techniques of software development. Design, documentation, testing, and debugging software, with a significant emphasis on code review. Credit is not given for both CS 242 and CS 126. Prerequisite: CS 125. For majors only.",3 hour,Credit is not given for both CS 242 and CS 126. Prerequisite: CS 125. For majors only.,,,,,,,,,,
8,173,Discrete Structures,"Discrete mathematical structures frequently encountered in the study of Computer Science. Sets, propositions, Boolean algebra, induction, recursion, relations, functions, and graphs. Credit is not given for both CS 173 and MATH 213. Prerequisite: One of CS 125, ECE 220; one of MATH 220, MATH 221.",3 hour,"Credit is not given for both CS 173 and MATH 213. Prerequisite: One of CS 125, ECE 220; one of MATH 220, MATH 221.",,,,,,,,,,
9,196,Freshman Honors,Offered for honors credit in conjunction with other 100-level computer science courses taken concurrently. A special examination may be required for admission to this course. May be repeated. Prerequisite: Concurrent registration in another 100-level computer science course (see Schedule).,1 hour,May be repeated. Prerequisite: Concurrent registration in another 100-level computer science course (see Schedule).,,,,,,,,,,
10,199,Undergraduate Open Seminar in Computer Science,Topics vary. Approved for Letter and S/U grading. May be repeated.,0 TO 5 hour,Approved for Letter and S/U grading. May be repeated.,,Pedagogy Practicum,,,,,,,,
11,199,Undergraduate Open Seminar in Computer Science,Topics vary. Approved for Letter and S/U grading. May be repeated.,0 TO 5 hour,Approved for Letter and S/U grading. May be repeated.,,Intro Pedagogy Practicum,,,,,,,,
12,199,Undergraduate Open Seminar in Computer Science,Topics vary. Approved for Letter and S/U grading. May be repeated.,0 TO 5 hour,Approved for Letter and S/U grading. May be repeated.,,Even More Practice,,,,,,,,
13,210,Ethical & Professional Issues,"Ethics for the computing profession. Ethical decision-making; licensing; intellectual property, freedom of information, and privacy. Credit is not given for both CS 210 and ECE 316. Prerequisite: CS 225. Junior standing required.",2 hour,Credit is not given for both CS 210 and ECE 316. Prerequisite: CS 225. Junior standing required.,,,,,,,,,,
14,225,Data Structures,"Data abstractions: elementary data structures (lists, stacks, queues, and trees) and their implementation using an object-oriented programming language. Solutions to a variety of computational problems such as search on graphs and trees. Elementary analysis of algorithms. Prerequisite: CS 125 or ECE 220; One of CS 173, MATH 213, MATH 347, MATH 412 or MATH 413.",4 hour,"Prerequisite: CS 125 or ECE 220; One of CS 173, MATH 213, MATH 347, MATH 412 or MATH 413.",Quantitative Reasoning II course.,,,,,,,,,
15,233,Computer Architecture,"Fundamentals of computer architecture: digital logic design, working up from the logic gate level to understand the function of a simple computer; machine-level programming to understand implementation of high-level languages; performance models of modern computer architectures to enable performance optimization of software; hardware primitives for parallelism and security. Prerequisite: CS 125 and CS 173; credit or concurrent enrollment in CS 225.",4 hour,Prerequisite: CS 125 and CS 173; credit or concurrent enrollment in CS 225.,,,,,,,,,,
16,240,Introduction to Computer Systems,"Basics of computer systems. Number representations, assembly/machine language, abstract models of processors (fetch/execute, memory hierarchy), processes/process control, simple memory management, file I/O and directories, network programming, usage of cloud services. Prerequisite: CS 225 or both CS 205 and CS 110C++.",3 hour,Prerequisite: CS 225 or both CS 205 and CS 110C++.,,,,,,,,,,
17,241,System Programming,"Basics of system programming, including POSIX processes, process control, inter-process communication, synchronization, signals, simple memory management, file I/O and directories, shell programming, socket network programming, RPC programming in distributed systems, basic security mechanisms, and standard tools for systems programming such as debugging tools. Credit is not given for both CS 241 and ECE 391. Prerequisite: CS 225 and CS 233.",4 hour,Credit is not given for both CS 241 and ECE 391. Prerequisite: CS 225 and CS 233.,,,,,,,,,,
18,242,Programming Studio,Intensive programming lab intended to strengthen skills in programming. Prerequisite: CS 241.,3 hour,Prerequisite: CS 241.,,,,,,,,,,
19,265,Innovation Illinois: From Accessible Design to Supercomputing Cultures,Same as IS 265 and MACS 265. See MACS 265.,3 hour,Same as IS 265 and MACS 265. See MACS 265.,,,,,,,,,,
20,296,Honors Course,Group projects for honors credit in computer science. Sections of this course are offered in conjunction with other 200-level computer science courses taken concurrently. A special examination may be required for admission to this course. May be repeated. Prerequisite: Concurrent registration in another 200-level computer science course (see Schedule).,1 hour,May be repeated. Prerequisite: Concurrent registration in another 200-level computer science course (see Schedule).,,,,,,,,,,
21,357,Numerical Methods I,"Fundamentals of numerical methods for students in science and engineering; floating-point computation, systems of linear equations, approximation of functions and integrals, the single nonlinear equation, and the numerical solution of ordinary differential equations; various applications in science and engineering; programming exercises and use of high quality mathematical library routines. Same as MATH 357. Credit is not given for CS 357 if credit for CS 450 has been earned. (Counts for advanced hours in LAS). Prerequisite: One of CS 101, CS 105 or CS 125; MATH 241; one of MATH 225, MATH 415, MATH 416 or ASRM 406.",3 hour,"Same as MATH 357. Credit is not given for CS 357 if credit for CS 450 has been earned. (Counts for advanced hours in LAS). Prerequisite: One of CS 101, CS 105 or CS 125; MATH 241; one of MATH 225, MATH 415, MATH 416 or ASRM 406.",,,,,,,,,,
22,361,Probability & Statistics for Computer Science,"Introduction to probability theory and statistics with applications to computer science. Topics include: visualizing datasets, summarizing data, basic descriptive statistics, conditional probability, independence, Bayes theorem, random variables, joint and conditional distributions, expectation, variance and covariance, central limit theorem. Markov inequality, Chebyshev inequality, law of large numbers, Markov chains, simulation, the PageRank algorithm, populations and sampling, sample mean, standard error, maximum likelihood estimation, Bayes estimation, hypothesis testing, confidence intervals, linear regression, principal component analysis, classification, and decision trees. Same as STAT 361. Credit is not given for both CS 361 and ECE 313. Prerequisite: MATH 220 or MATH 221; credit or concurrent registration in one of MATH 225, MATH 415 or MATH 416. For majors only.",3 hour,"Same as STAT 361. Credit is not given for both CS 361 and ECE 313. Prerequisite: MATH 220 or MATH 221; credit or concurrent registration in one of MATH 225, MATH 415 or MATH 416. For majors only.",,,,,,,,,,
23,374,Introduction to Algorithms & Models of Computation,"Analysis of algorithms, major paradigms of algorithm design including recursive algorithms, divide-and-conquer algorithms, dynamic programming, greedy algorithms, and graph algorithms. Formal models of computation including finite automata and Turing machines. Limitations of computation arising from fundamental notions of algorithm and from complexity-theoretic constraints. Reductions, undecidability and NP-completeness. Same as ECE 374. Prerequisite: CS 225.",4 hour,Same as ECE 374. Prerequisite: CS 225.,,,,,,,,,,
24,374,Introduction to Algorithms & Models of Computation,"Analysis of algorithms, major paradigms of algorithm design including recursive algorithms, divide-and-conquer algorithms, dynamic programming, greedy algorithms, and graph algorithms. Formal models of computation including finite automata and Turing machines. Limitations of computation arising from fundamental notions of algorithm and from complexity-theoretic constraints. Reductions, undecidability and NP-completeness. Same as ECE 374. Prerequisite: One of CS 173, MATH 213; CS 225.",4 hour,"Same as ECE 374. Prerequisite: One of CS 173, MATH 213; CS 225.",,,,,,,,,,
25,397,Individual Study,May be repeated. Prerequisite: Consent of instructor.,1 TO 3 hour,May be repeated. Prerequisite: Consent of instructor.,,,,,,,,,,
26,410,Text Information Systems,"Theory, design, and implementation of text-based information systems. Text analysis, retrieval models (e.g., Boolean, vector space, probabilistic), text categorization, text filtering, clustering, retrieval system design and implementation, and applications to web information management. 3 undergraduate hour 3 or 4 graduate hour Prerequisite: CS 225.",3 OR 4 hour,3 undergraduate hour 3 or 4 graduate hour Prerequisite: CS 225.,,,,,TRUE,,,,,
27,411,Database Systems,"Examination of the logical organization of databases: the entity-relationship model; the hierarchical, network, and relational data models and their languages. Functional dependencies and normal forms. Design, implementation, and optimization of query languages; security and integrity; concurrency control, and distributed database systems. 3 undergraduate hour 3 or 4 graduate hour Prerequisite: CS 225.",3 OR 4 hour,3 undergraduate hour 3 or 4 graduate hour Prerequisite: CS 225.,,,,,TRUE,,,,,
28,412,Introduction to Data Mining,"Concepts, techniques, and systems of data warehousing and data mining. Design and implementation of data warehouse and on-line analytical processing (OLAP) systems; data mining concepts, methods, systems, implementations, and applications. 3 undergraduate hour 3 or 4 graduate hour Prerequisite: CS 225.",3 OR 4 hour,3 undergraduate hour 3 or 4 graduate hour Prerequisite: CS 225.,,,,,TRUE,,,,,
29,413,Intro to Combinatorics,Same as MATH 413. See MATH 413.,3 OR 4 hour,Same as MATH 413. See MATH 413.,,,,TRUE,,,,,,
30,418,Interactive Computer Graphics,"Basic mathematical tools and computational techniques for modeling, rendering, and animating 3-D scenes. Same as CSE 427. 3 undergraduate hour 3 or 4 graduate hour Prerequisite: CS 225; MATH 225 or MATH 415; MATH 241.",3 or 4 hour,Same as CSE 427. 3 undergraduate hour 3 or 4 graduate hour Prerequisite: CS 225; MATH 225 or MATH 415; MATH 241.,,,,,,,TRUE,,,
31,421,Programming Languages & Compilers,"Structure of programming languages and their implementation. Basic language design principles; abstract data types; functional languages; type systems; object-oriented languages. Basics of lexing, parsing, syntax-directed translation, semantic analysis, and code generation. 3 undergraduate hour 3 or 4 graduate hour Prerequisite: CS 233 or CS 240; CS 374.",3 OR 4 hour,3 undergraduate hour 3 or 4 graduate hour Prerequisite: CS 233 or CS 240; CS 374.,,,,,,,,,,
32,421,Programming Languages & Compilers,"Structure of programming languages and their implementation. Basic language design principles; abstract data types; functional languages; type systems; object-oriented languages. Basics of lexing, parsing, syntax-directed translation, semantic analysis, and code generation. 3 undergraduate hour 3 or 4 graduate hour Prerequisite: CS 233 or CS 240; CS 374; one of MATH 225, MATH 415, MATH 416, ASRM 406.",3 OR 4 hour,"3 undergraduate hour 3 or 4 graduate hour Prerequisite: CS 233 or CS 240; CS 374; one of MATH 225, MATH 415, MATH 416, ASRM 406.",,,,,,,,,,
33,422,Programming Language Design,Exploration of major language design paradigms using imperative and functional programming as unifying themes. Tools include both practical language processor construction and theoretical models. 3 undergraduate hour 3 or 4 graduate hour Prerequisite: CS 421.,3 OR 4 hour,3 undergraduate hour 3 or 4 graduate hour Prerequisite: CS 421.,,,TRUE,,,,,,,
34,423,Operating Systems Design,"Organization and structure of modern operating systems and concurrent programming concepts. Deadlock, virtual memory, processor scheduling, and disk systems. Performance, security, and protection. Same as CSE 423. 3 undergraduate hour 3 or 4 graduate hour Prerequisite: CS 241 or ECE 391.",3 OR 4 hour,Same as CSE 423. 3 undergraduate hour 3 or 4 graduate hour Prerequisite: CS 241 or ECE 391.,,,,,,,,,TRUE,TRUE
35,424,Real-Time Systems,"Supervisory control aspects of Cyber Physical Systems (CPS): fundamentals of reliability analysis, real-time scheduling, simple feedback control, software fault tolerance architecture, wireless networking and energy saving, principles of safety critical system engineering. Student groups design and demonstrate supervisory control architecture for a robot. 3 undergraduate hour 3 or 4 graduate hour Prerequisite: CS 241.",3 OR 4 hour,3 undergraduate hour 3 or 4 graduate hour Prerequisite: CS 241.,,,,,,,,,TRUE,
36,425,Distributed Systems,"Protocols, specification techniques, global states and their determination, reliable broadcast, transactions and commitment, security, and real-time systems. Same as ECE 428. 3 undergraduate hour 3 or 4 graduate hour Prerequisite: CS 241 or ECE 391.",3 OR 4 hour,Same as ECE 428. 3 undergraduate hour 3 or 4 graduate hour Prerequisite: CS 241 or ECE 391.,,,,,,,,,TRUE,
37,426,Compiler Construction,"Compiler structure, syntax analysis, syntax-directed translation, automatically constructed recognizers, semantic analysis, code generation, intermediate language, optimization techniques. 3 undergraduate hour 3 or 4 graduate hour Prerequisite: CS 421.",3 OR 4 hour,3 undergraduate hour 3 or 4 graduate hour Prerequisite: CS 421.,,,TRUE,,,,,,,TRUE
38,427,Software Engineering I,"Software process, analysis and design. Software development paradigms, system engineering, function-based analysis and design, and object-oriented analysis and design. Course will use team-projects for hands-on exercises. Same as CSE 426. 3 undergraduate hour 3 or 4 graduate hour Prerequisite: CS 225 and CS 373.",3 OR 4 hour,Same as CSE 426. 3 undergraduate hour 3 or 4 graduate hour Prerequisite: CS 225 and CS 373.,,,TRUE,,,,,,,
39,428,Software Engineering II,"Continuation of CS 427. Software development, management, and maintenance. Project and configuration management, collaborative development models, software quality assurance, interoperability domain engineering and software reuse, and software re-engineering. Same as CSE 429. 3 undergraduate hour 3 or 4 graduate hour Prerequisite: CS 427.",3 OR 4 hour,Same as CSE 429. 3 undergraduate hour 3 or 4 graduate hour Prerequisite: CS 427.,,,TRUE,,,,,,,
40,429,"Software Engineering II, ACP",Continuation of CS 427. Identical to CS 428 except for the additional writing component. See CS 428. 3 undergraduate hour 3 graduate hour Prerequisite: CS 427.,3 hour,3 undergraduate hour 3 graduate hour Prerequisite: CS 427.,Advanced Composition course.,,TRUE,,,,,,,
41,431,Embedded Systems,A survey of sampled data systems and embedded architecture; key concepts in common embedded system applications; signal processing and control; embedded microprocessor and device interface; time-critical I/O handling; data communications; real-time operating systems and techniques for the development and analysis of embedded real-time software; hands-on laboratory projects. 3 undergraduate hour 3 or 4 graduate hour Prerequisite: CS 241 or ECE 391.,3 or 4 hour,3 undergraduate hour 3 or 4 graduate hour Prerequisite: CS 241 or ECE 391.,,,,,,,,,TRUE,TRUE
42,433,Computer System Organization,"Computer hardware design and analysis and interface with software. Advanced processor design, including superscalar, out-of-order issue, branch prediction, and speculation. Memory hierarchy design, including advanced cache optimizations, main memory, and virtual memory. Principles of multiprocessor design, including shared-memory, cache coherence, synchronization, and consistency. Other advanced topics depending on time; e.g., GPUs and accelerators, warehouse computers and data centers, security. Same as CSE 422. 3 undergraduate hour 4 graduate hour Prerequisite: CS 233.",3 OR 4 hour,Same as CSE 422. 3 undergraduate hour 4 graduate hour Prerequisite: CS 233.,,,,,,,,,,TRUE
43,434,Mobile Computing & Application,Same as ECE 434. See ECE 434.,3 OR 4 hour,Same as ECE 434. See ECE 434.,,,,,,,,,,
44,438,Communication Networks,"Layered architectures and the OSI Reference Model; design issues and protocols in the transport, network, and data link layers; architectures and control algorithms of local-area, point-to-point, and satellite networks; standards in networks access protocols; models of network interconnection; overview of networking and communication software. Same as ECE 438. 3 undergraduate hour 3 or 4 graduate hour Prerequisite: CS 241 or ECE 391; one of ECE 313, MATH 461, MATH 463.",3 OR 4 hour,"Same as ECE 438. 3 undergraduate hour 3 or 4 graduate hour Prerequisite: CS 241 or ECE 391; one of ECE 313, MATH 461, MATH 463.",,,,,,,,,TRUE,
45,439,Wireless Networks,Same as ECE 439. See ECE 439.,3 OR 4 hour,Same as ECE 439. See ECE 439.,,,,,,,,,TRUE,
46,440,Artificial Intelligence,"Major topics in and directions of research in artificial intelligence: basic problem solving techniques, knowledge representation and computer inference, machine learning, natural language understanding, computer vision, robotics, and societal impacts. Same as ECE 448. 3 undergraduate hour 3 or 4 graduate hour Prerequisite: CS 225.",3 OR 4 hour,Same as ECE 448. 3 undergraduate hour 3 or 4 graduate hour Prerequisite: CS 225.,,,,,TRUE,,,,,
47,445,Computational Photography,"Computer vision techniques to enhance, manipulate, and create media from photo collections, such as panoramic stitching, face morphing, texture synthesis, blending, and 3D reconstruction. 3 undergraduate hour 3 or 4 graduate hour Prerequisite: CS 225, MATH 225, and MATH 231.",3 OR 4 hour,"3 undergraduate hour 3 or 4 graduate hour Prerequisite: CS 225, MATH 225, and MATH 231.",,,,,TRUE,,TRUE,,,
48,446,Machine Learning,"Principles and applications of machine learning. Main paradigms and techniques, including discriminative and generative methods, reinforcement learning: linear regression, logistic regression, support vector machines, deep nets, structured methods, dimensionality reduction, k-means, Gaussian mixtures, expectation maximization, Markov decision processes, and Q-learning. Application areas such as natural language and text understanding, speech recognition, computer vision, data mining, and adaptive computer systems, among others. Same as ECE 449. 3 undergraduate hour 3 or 4 graduate hour Prerequisite: CS 225; One of MATH 225, MATH 415, MATH 416 or ASRM 406; One of CS 361, ECE 313, MATH 461 or STAT 400.",3 OR 4 hour,"Same as ECE 449. 3 undergraduate hour 3 or 4 graduate hour Prerequisite: CS 225; One of MATH 225, MATH 415, MATH 416 or ASRM 406; One of CS 361, ECE 313, MATH 461 or STAT 400.",,,,,TRUE,,,,,
49,447,Natural Language Processing,"Part-of-speech tagging, parsing, semantic analysis and machine translation. Relevant linguistics concepts from morphology (word formation) and lexical semantics (the meaning of words) to syntax (sentence structure) and compositional semantics (the meaning of sentences). 3 undergraduate hour 3 or 4 graduate hour Credit is not given for both CS 447 and LING 406. Prerequisite: CS 374.",3 OR 4 hour,3 undergraduate hour 3 or 4 graduate hour Credit is not given for both CS 447 and LING 406. Prerequisite: CS 374.,,,,,TRUE,,,,,
50,450,Numerical Analysis,"Linear system solvers, optimization techniques, interpolation and approximation of functions, solving systems of nonlinear equations, eigenvalue problems, least squares, and quadrature; numerical handling of ordinary and partial differential equations. Same as CSE 401, ECE 491, and MATH 450. 3 undergraduate hour 3 or 4 graduate hour Credit is not given for both CS 450 and CS 457. Prerequisite: CS 101 or CS 125; CS 357 or MATH 415; MATH 285.",3 or 4 hour,"Same as CSE 401, ECE 491, and MATH 450. 3 undergraduate hour 3 or 4 graduate hour Credit is not given for both CS 450 and CS 457. Prerequisite: CS 101 or CS 125; CS 357 or MATH 415; MATH 285.",,,,,,,,TRUE,,
51,461,Computer Security I,"Fundamental principles of computer and communications security and information assurance: ethics, privacy, notions of threat, vulnerabilities, and risk in systems, information warfare, malicious software, data secrecy and integrity issues, network security, trusted computing, mandatory and discretionary access controls, certification and accreditation of systems against security standards. Security mechanisms: authentication, auditing, intrusion detection, access control, cryptography, security protocols, key distribution. Same as ECE 422. 4 undergraduate hour 4 graduate hour Prerequisite: CS 241 or ECE 391.",4 hour,Same as ECE 422. 4 undergraduate hour 4 graduate hour Prerequisite: CS 241 or ECE 391.,,,,,,TRUE,,,TRUE,
52,463,Computer Security II,"Program security, trusted base, privacy, anonymity, non-interference, information flow, confinement, advanced auditing, forensics, intrusion detection, key management and distribution, policy composition and analysis, formal approaches to specification and verification of secure systems and protocols, and topics in applied cryptography. Same as ECE 424. 3 undergraduate hour 3 or 4 graduate hour Prerequisite: CS 461. Recommended: CS 475.",3 OR 4 hour,Same as ECE 424. 3 undergraduate hour 3 or 4 graduate hour Prerequisite: CS 461. Recommended: CS 475.,,,,,,TRUE,,,TRUE,
53,465,User Interface Design,"A project-focused course covering fundamental principles of user interface design, implementation, and evaluation. Small teams work on a term-long project that involves: analysis of the problem domain, user skills, and tasks; iterative prototyping of interfaces to address user needs; conducting several forms of evaluation such as cognitive walkthroughs and usability tests; implementation of the final prototype. Non-technical majors may enroll as non-programmers who participate in all aspects of the projects with the possible exception of implementation. 3 undergraduate hour 3 or 4 graduate hour Prerequisite: CS 225.",3 or 4 hour,3 undergraduate hour 3 or 4 graduate hour Prerequisite: CS 225.,,,,,,TRUE,TRUE,,,
54,466,Introduction to Bioinformatics,"Algorithmic approaches in bioinformatics: (i) biological problems that can be solved computationally (e.g., discovering genes, and interactions among different genes and proteins); (ii) algorithmic techniques with wide applicability in solving these problems (e.g., dynamic programming and probabilistic methods); (iii) practical issues in translating the basic algorithmic ideas into accurate and efficient tools that biologists may use. 3 undergraduate hour 3 or 4 graduate hour Prerequisite: CS 225.",3 OR 4 hour,3 undergraduate hour 3 or 4 graduate hour Prerequisite: CS 225.,,,,,TRUE,,,TRUE,,
55,468,Tech and Advertising Campaigns,Same as ADV 492. See ADV 492.,3 hour,Same as ADV 492. See ADV 492.,,,,,,TRUE,TRUE,,,
56,473,Algorithms,"Design and analysis techniques, approximation algorithms, randomized algorithms and amortized analysis, and advanced topics such as network flow, linear programming, and dynamic data structures, among others. Same as CSE 414 and MATH 473. 4 undergraduate hour 4 graduate hour Prerequisite: CS 374, and one of CS 361, MATH 461, or STAT 400.",4 hour,"Same as CSE 414 and MATH 473. 4 undergraduate hour 4 graduate hour Prerequisite: CS 374, and one of CS 361, MATH 461, or STAT 400.",,,,TRUE,,,,,,
57,476,Program Verification,Formal methods for demonstrating correctness and other properties of programs. Invariant assertions; Hoare axiomatics; well-founded orderings for proving termination; structural induction; computational induction; data structures; parallel programs; overview of predicate calculus. 3 undergraduate hour 3 or 4 graduate hour Prerequisite: CS 225; CS 374 or MATH 414.,3 OR 4 hour,3 undergraduate hour 3 or 4 graduate hour Prerequisite: CS 225; CS 374 or MATH 414.,,,TRUE,TRUE,,,,,,
58,477,Formal Software Devel Methods,"Mathematical models, languages, and methods for software specification, development, and verification. Same as ECE 478. 3 undergraduate hour 3 or 4 graduate hour Prerequisite: CS 225; CS 373 or MATH 414.",3 OR 4 hour,Same as ECE 478. 3 undergraduate hour 3 or 4 graduate hour Prerequisite: CS 225; CS 373 or MATH 414.,,,TRUE,TRUE,,,,,,
59,481,Advanced Topics in Stochastic Processes & Applications,Same as IE 410. See IE 410.,3 OR 4 hour,Same as IE 410. See IE 410.,,,,TRUE,,,,,,
60,482,Simulation,Same as IE 413. See IE 413.,3 or 4 hour,Same as IE 413. See IE 413.,,,,TRUE,,,,TRUE,,
61,483,Applied Parallel Programming,Same as CSE 408 and ECE 408. See ECE 408.,4 hour,Same as CSE 408 and ECE 408. See ECE 408.,,,,,,,,TRUE,TRUE,
62,484,Parallel Programming,"Techniques for the programming of all classes of parallel computers and devices including shared memory and distributed memory multiprocessors, SIMD processors and co-processors, and special purpose devices. Key concepts in parallel programming such as reactive and transformational programming, speculation, speedup, isoefficiency, and load balancing. Synchronization primitives, libraries and languages for parallel programming such as OpenMP and MPI, performance monitoring, program tuning, analysis and programming of numerical and symbolic parallel algorithms. 3 undergraduate hour 3 or 4 graduate hour Prerequisite: CS 241.",3 OR 4 hour,3 undergraduate hour 3 or 4 graduate hour Prerequisite: CS 241.,,,,,,,,TRUE,TRUE,TRUE
63,491,Seminar,"Seminar on topics of current interest as announced in the Class Schedule. 0 to 4 undergraduate hour 0 to 4 graduate hour Approved for S/U grading only. May be repeated in the same or separate terms if topics vary to a maximum of 4 hour Prerequisite: As specified for each topic offering, see Class Schedule or departmental course description.",0 TO 4 hour,"0 to 4 undergraduate hour 0 to 4 graduate hour Approved for S/U grading only. May be repeated in the same or separate terms if topics vary to a maximum of 4 hour Prerequisite: As specified for each topic offering, see Class Schedule or departmental course description.",,Adv Competitive Algorithm Prog,,,,,,,,
64,491,Seminar,"Seminar on topics of current interest as announced in the Class Schedule. 0 to 4 undergraduate hour 0 to 4 graduate hour Approved for S/U grading only. May be repeated in the same or separate terms if topics vary to a maximum of 4 hour Prerequisite: As specified for each topic offering, see Class Schedule or departmental course description.",0 TO 4 hour,"0 to 4 undergraduate hour 0 to 4 graduate hour Approved for S/U grading only. May be repeated in the same or separate terms if topics vary to a maximum of 4 hour Prerequisite: As specified for each topic offering, see Class Schedule or departmental course description.",,IAT Seminar,,,,,,,,
65,491,Seminar,"Seminar on topics of current interest as announced in the Class Schedule. 0 to 4 undergraduate hour 0 to 4 graduate hour Approved for S/U grading only. May be repeated in the same or separate terms if topics vary to a maximum of 4 hour Prerequisite: As specified for each topic offering, see Class Schedule or departmental course description.",0 TO 4 hour,"0 to 4 undergraduate hour 0 to 4 graduate hour Approved for S/U grading only. May be repeated in the same or separate terms if topics vary to a maximum of 4 hour Prerequisite: As specified for each topic offering, see Class Schedule or departmental course description.",,Cyber Security Scholar Program,,,,,,,,
66,491,Seminar,"Seminar on topics of current interest as announced in the Class Schedule. 0 to 4 undergraduate hour 0 to 4 graduate hour Approved for S/U grading only. May be repeated in the same or separate terms if topics vary to a maximum of 4 hour Prerequisite: As specified for each topic offering, see Class Schedule or departmental course description.",0 TO 4 hour,"0 to 4 undergraduate hour 0 to 4 graduate hour Approved for S/U grading only. May be repeated in the same or separate terms if topics vary to a maximum of 4 hour Prerequisite: As specified for each topic offering, see Class Schedule or departmental course description.",,Professional Development,,,,,,,,
67,492,Senior Project I,"First part of a project course in computer science. Students work in teams to solve typical commercial or industrial problems. Work involves planning, design, and implementation. Extensive oral and written work is required both on-campus and possibly off-campus at sponsors' locations. CS 492 must be taken as a sequence with either CS 493 or CS 494. 3 undergraduate hour No graduate credit. Credit is not given for both CS 492 and a project course in another engineering department for the same project. Prerequisite: For Computer Science majors with senior standing.",3 hour,3 undergraduate hour No graduate credit. Credit is not given for both CS 492 and a project course in another engineering department for the same project. Prerequisite: For Computer Science majors with senior standing.,,,TRUE,,,,,,,
68,497,CS Team Project,"Student teams work with CS faculty to complete a significant project requiring advanced knowledge of CS principles. Project topics vary. 1 to 3 undergraduate hour No graduate credit. May be repeated in the same term up to 6 hours, if topics vary; may be repeated in separate terms. Prerequisite: For majors only; junior or senior standing required.",1 TO 3 hour,"1 to 3 undergraduate hour No graduate credit. May be repeated in the same term up to 6 hours, if topics vary; may be repeated in separate terms. Prerequisite: For majors only; junior or senior standing required.",,,,,,,,,,
69,498,Special Topics,Subject offerings of new and developing areas of knowledge in computer science intended to augment the existing curriculum. See Class Schedule or departmental course information for topics and prerequisites. 1 to 4 undergraduate hour 1 to 4 graduate hour May be repeated in the same or separate terms if topics vary.,1 to 4 hour,1 to 4 undergraduate hour 1 to 4 graduate hour May be repeated in the same or separate terms if topics vary.,,Applied Machine Learning,,,TRUE,TRUE,,,,
70,498,Special Topics,Subject offerings of new and developing areas of knowledge in computer science intended to augment the existing curriculum. See Class Schedule or departmental course information for topics and prerequisites. 1 to 4 undergraduate hour 1 to 4 graduate hour May be repeated in the same or separate terms if topics vary.,1 to 4 hour,1 to 4 undergraduate hour 1 to 4 graduate hour May be repeated in the same or separate terms if topics vary.,,Data Science & Analytics,,,TRUE,TRUE,,,,
71,498,Special Topics,Subject offerings of new and developing areas of knowledge in computer science intended to augment the existing curriculum. See Class Schedule or departmental course information for topics and prerequisites. 1 to 4 undergraduate hour 1 to 4 graduate hour May be repeated in the same or separate terms if topics vary.,1 to 4 hour,1 to 4 undergraduate hour 1 to 4 graduate hour May be repeated in the same or separate terms if topics vary.,,Cloud Computing Applications,,,,,,,,
72,498,Special Topics,Subject offerings of new and developing areas of knowledge in computer science intended to augment the existing curriculum. See Class Schedule or departmental course information for topics and prerequisites. 1 to 4 undergraduate hour 1 to 4 graduate hour May be repeated in the same or separate terms if topics vary.,1 to 4 hour,1 to 4 undergraduate hour 1 to 4 graduate hour May be repeated in the same or separate terms if topics vary.,,Intelligent Robots,,,,,,,,
73,498,Special Topics,Subject offerings of new and developing areas of knowledge in computer science intended to augment the existing curriculum. See Class Schedule or departmental course information for topics and prerequisites. 1 to 4 undergraduate hour 1 to 4 graduate hour May be repeated in the same or separate terms if topics vary.,1 to 4 hour,1 to 4 undergraduate hour 1 to 4 graduate hour May be repeated in the same or separate terms if topics vary.,,Internet of Things,,,,,,,TRUE,TRUE
74,498,Special Topics,Subject offerings of new and developing areas of knowledge in computer science intended to augment the existing curriculum. See Class Schedule or departmental course information for topics and prerequisites. 1 to 4 undergraduate hour 1 to 4 graduate hour May be repeated in the same or separate terms if topics vary.,1 to 4 hour,1 to 4 undergraduate hour 1 to 4 graduate hour May be repeated in the same or separate terms if topics vary.,,Trustworthy Machine Learning,,,,,,,,
75,498,Special Topics,Subject offerings of new and developing areas of knowledge in computer science intended to augment the existing curriculum. See Class Schedule or departmental course information for topics and prerequisites. 1 to 4 undergraduate hour 1 to 4 graduate hour May be repeated in the same or separate terms if topics vary.,1 to 4 hour,1 to 4 undergraduate hour 1 to 4 graduate hour May be repeated in the same or separate terms if topics vary.,,Audio Computing Lab,,,,,TRUE,,,
76,498,Special Topics,Subject offerings of new and developing areas of knowledge in computer science intended to augment the existing curriculum. See Class Schedule or departmental course information for topics and prerequisites. 1 to 4 undergraduate hour 1 to 4 graduate hour May be repeated in the same or separate terms if topics vary.,1 to 4 hour,1 to 4 undergraduate hour 1 to 4 graduate hour May be repeated in the same or separate terms if topics vary.,,Art and Science of Web Prog,TRUE,,,,TRUE,,,
77,498,Special Topics,Subject offerings of new and developing areas of knowledge in computer science intended to augment the existing curriculum. See Class Schedule or departmental course information for topics and prerequisites. 1 to 4 undergraduate hour 1 to 4 graduate hour May be repeated in the same or separate terms if topics vary.,1 to 4 hour,1 to 4 undergraduate hour 1 to 4 graduate hour May be repeated in the same or separate terms if topics vary.,,Virtual Reality for CSP,,,,,,,,
78,498,Special Topics,Subject offerings of new and developing areas of knowledge in computer science intended to augment the existing curriculum. See Class Schedule or departmental course information for topics and prerequisites. 1 to 4 undergraduate hour 1 to 4 graduate hour May be repeated in the same or separate terms if topics vary.,1 to 4 hour,1 to 4 undergraduate hour 1 to 4 graduate hour May be repeated in the same or separate terms if topics vary.,,Virtual Reality,,,,,,,,
79,498,Special Topics,Subject offerings of new and developing areas of knowledge in computer science intended to augment the existing curriculum. See Class Schedule or departmental course information for topics and prerequisites. 1 to 4 undergraduate hour 1 to 4 graduate hour May be repeated in the same or separate terms if topics vary.,1 to 4 hour,1 to 4 undergraduate hour 1 to 4 graduate hour May be repeated in the same or separate terms if topics vary.,,Algorithms for Big Data,,,,,,,,
80,498,Special Topics,Subject offerings of new and developing areas of knowledge in computer science intended to augment the existing curriculum. See Class Schedule or departmental course information for topics and prerequisites. 1 to 4 undergraduate hour 1 to 4 graduate hour May be repeated in the same or separate terms if topics vary.,1 to 4 hour,1 to 4 undergraduate hour 1 to 4 graduate hour May be repeated in the same or separate terms if topics vary.,,Applied Cryptography,TRUE,,,,,,TRUE,
81,498,Special Topics,Subject offerings of new and developing areas of knowledge in computer science intended to augment the existing curriculum. See Class Schedule or departmental course information for topics and prerequisites. 1 to 4 undergraduate hour 1 to 4 graduate hour May be repeated in the same or separate terms if topics vary.,1 to 4 hour,1 to 4 undergraduate hour 1 to 4 graduate hour May be repeated in the same or separate terms if topics vary.,,Cyber Dystopia,,,TRUE,,,,,
82,498,Special Topics,Subject offerings of new and developing areas of knowledge in computer science intended to augment the existing curriculum. See Class Schedule or departmental course information for topics and prerequisites. 1 to 4 undergraduate hour 1 to 4 graduate hour May be repeated in the same or separate terms if topics vary.,1 to 4 hour,1 to 4 undergraduate hour 1 to 4 graduate hour May be repeated in the same or separate terms if topics vary.,,Cloud Networking,,,,,,,,
83,498,Special Topics,Subject offerings of new and developing areas of knowledge in computer science intended to augment the existing curriculum. See Class Schedule or departmental course information for topics and prerequisites. 1 to 4 undergraduate hour 1 to 4 graduate hour May be repeated in the same or separate terms if topics vary.,1 to 4 hour,1 to 4 undergraduate hour 1 to 4 graduate hour May be repeated in the same or separate terms if topics vary.,,Introduction to Deep Learning,,,,,,,,
84,498,Special Topics,Subject offerings of new and developing areas of knowledge in computer science intended to augment the existing curriculum. See Class Schedule or departmental course information for topics and prerequisites. 1 to 4 undergraduate hour 1 to 4 graduate hour May be repeated in the same or separate terms if topics vary.,1 to 4 hour,1 to 4 undergraduate hour 1 to 4 graduate hour May be repeated in the same or separate terms if topics vary.,,Fundamentals of Comp Sci I,,,,,,,,
85,498,Special Topics,Subject offerings of new and developing areas of knowledge in computer science intended to augment the existing curriculum. See Class Schedule or departmental course information for topics and prerequisites. 1 to 4 undergraduate hour 1 to 4 graduate hour May be repeated in the same or separate terms if topics vary.,1 to 4 hour,1 to 4 undergraduate hour 1 to 4 graduate hour May be repeated in the same or separate terms if topics vary.,,Fundamentals of Algorithms,,,,,,,,
86,498,Special Topics,Subject offerings of new and developing areas of knowledge in computer science intended to augment the existing curriculum. See Class Schedule or departmental course information for topics and prerequisites. 1 to 4 undergraduate hour 1 to 4 graduate hour May be repeated in the same or separate terms if topics vary.,1 to 4 hour,1 to 4 undergraduate hour 1 to 4 graduate hour May be repeated in the same or separate terms if topics vary.,,Social & Information Networks,,,TRUE,TRUE,,,,
87,498,Special Topics,Subject offerings of new and developing areas of knowledge in computer science intended to augment the existing curriculum. See Class Schedule or departmental course information for topics and prerequisites. 1 to 4 undergraduate hour 1 to 4 graduate hour May be repeated in the same or separate terms if topics vary.,1 to 4 hour,1 to 4 undergraduate hour 1 to 4 graduate hour May be repeated in the same or separate terms if topics vary.,,IOT Software Engineering,,,,,,,,
88,498,Special Topics,Subject offerings of new and developing areas of knowledge in computer science intended to augment the existing curriculum. See Class Schedule or departmental course information for topics and prerequisites. 1 to 4 undergraduate hour 1 to 4 graduate hour May be repeated in the same or separate terms if topics vary.,1 to 4 hour,1 to 4 undergraduate hour 1 to 4 graduate hour May be repeated in the same or separate terms if topics vary.,,Experimental Methods for HCI,,,,,,,,
89,498,Special Topics,Subject offerings of new and developing areas of knowledge in computer science intended to augment the existing curriculum. See Class Schedule or departmental course information for topics and prerequisites. 1 to 4 undergraduate hour 1 to 4 graduate hour May be repeated in the same or separate terms if topics vary.,1 to 4 hour,1 to 4 undergraduate hour 1 to 4 graduate hour May be repeated in the same or separate terms if topics vary.,,Martian Computing,,,,,,,,
90,498,Special Topics,Subject offerings of new and developing areas of knowledge in computer science intended to augment the existing curriculum. See Class Schedule or departmental course information for topics and prerequisites. 1 to 4 undergraduate hour 1 to 4 graduate hour May be repeated in the same or separate terms if topics vary.,1 to 4 hour,1 to 4 undergraduate hour 1 to 4 graduate hour May be repeated in the same or separate terms if topics vary.,,Logic in Computer Science,TRUE,TRUE,,,,,,
91,499,Senior Thesis,"Research and thesis development experience in computer science underguidance of a faculty member. Literature search, oral presentation, analysis and implementation, paper preparation, and completion of a written thesis. 3 undergraduate hour No graduate credit. May be repeated to a maximum of 6 hour Prerequisite: Consent of instructor.",3 hour,3 undergraduate hour No graduate credit. May be repeated to a maximum of 6 hour Prerequisite: Consent of instructor.,Advanced Composition course.,,,,,,,,,
92,512,Data Mining Principles,"An advanced course on principles and algorithms of data mining. Data cleaning and integration; descriptive and predictive mining; mining frequent, sequential, and structured patterns; clustering, outlier analysis and fraud detection; stream data, web, text, and biomedical data mining; security and privacy in data mining; research frontiers. Prerequisite: CS 412.",4 hour,Prerequisite: CS 412.,,,,,TRUE,,,,,
93,519,Scientific Visualization,"Visualization techniques useful in analysis of engineering and scientific data. Physical models; methods of computational science; two- and three-dimensional data types; visual representation schemes for scalar, vector, and tensor data; isosurface and volume visualization methods; visual monitoring; interactive steering. Same as CSE 527. Prerequisite: CS 418.",4 hour,Same as CSE 527. Prerequisite: CS 418.,,,,,,,,TRUE,,
94,523,Advanced Operating Systems,"Advanced concepts in operating system design and coverage of recent research directions. Resource management for parallel and distributed systems. Interaction between operating system design and computer architectures. Process management, virtual memory, interprocess communication, context switching, parallel and distributed file system designs, persistent objects, process and data migration, load balancing, security, protection. Term projects. Prerequisite: CS 423, CS 425, and CS 433.",4 hour,"Prerequisite: CS 423, CS 425, and CS 433.",,,,,,,,,,
95,524,Concurrent Progrmg Languages,"Theory of concurrency and concurrent programming languages. Formal models of concurrent computation such as process algebras, nets, and actors; high level concurrent programming languages and their operational semantics; methods for reasoning about correctness and complexity of concurrent programs. Prerequisite: CS 422; CS 475 or CS 476.",4 hour,Prerequisite: CS 422; CS 475 or CS 476.,,,TRUE,,,,,,,
96,526,Advanced Compiler Construction,"Incremental and interactive compiling, error correction, code optimization, models of code generators. Prerequisite: CS 426.",4 hour,Prerequisite: CS 426.,,,TRUE,,,,,,,
97,527,Topics in Software Engineering,"Fault-tolerant software, software architecture, software patterns, multi-media software, and knowledge-based approaches to software engineering. Case studies. Prerequisite: CS 428 or CS 429.",4 hour,Prerequisite: CS 428 or CS 429.,,,,,,,,,,
98,533,Parallel Computer Architecture,Theoretical aspects of parallel and pipeline computation; time and processor bounds on classes of computations; data alignment network speed and cost bounds; conflict-free access memories; overall computer system ideas. Same as CSE 522. Prerequisite: CS 433.,4 hour,Same as CSE 522. Prerequisite: CS 433.,,,,,,,,,,
99,543,Computer Vision,Same as ECE 549. See ECE 549.,4 hour,Same as ECE 549. See ECE 549.,,,,,TRUE,,,,,
100,546,Machine Learning in NLP,"Central learning frameworks and techniques that have emerged in the field of natural language processing and found applications in several areas in text and speech processing: from information retrieval and extraction, through speech recognition to syntax, semantics and language understanding related tasks. Examination of the theoretical paradigms -- learning theoretic, probabilistic, and information theoretic -- and the relations among them, as well as the main algorithmic techniques developed within each paradigm and in key natural language applications. Prerequisite: CS 446 and CS 473.",4 hour,Prerequisite: CS 446 and CS 473.,,,,,TRUE,,,,,
101,549,Seminar in Cognitive Science,"Same as PSYC 514, ANTH 514, EPSY 551, LING 570, and PHIL 514. See PSYC 514.",2 OR 4 hour,"Same as PSYC 514, ANTH 514, EPSY 551, LING 570, and PHIL 514. See PSYC 514.",,,,,,,,,,
102,555,Numerical Methods for PDEs,"Numerical techniques for initial and boundary value problems in partial differential equations. Finite difference and finite element discretization techniques, direct and iterative solution methods for discrete problems, and programming techniques and usage of software packages. Same as CSE 510. Prerequisite: CS 450 or CS 457.",4 hour,Same as CSE 510. Prerequisite: CS 450 or CS 457.,,,,,,,,TRUE,,
103,556,Iterative & Multigrid Methods,"Comprehensive treatment of algebraic and multigrid iterative methods to solve systems of equations, primarily linear equations arising from discretization of partial differential equations. Same as CSE 511.",4 hour,Same as CSE 511.,,,,,,,,TRUE,,
104,563,Advanced Computer Security,"Current research trends in computer and network security. Privacy, tamper-resistance, unwanted traffic, monitoring and surveillance, and critical infrastructure protection. Subtopics will vary depending upon current research trends. Students work in teams in close coordination with the course instructor to develop one of the topics in depth by carrying out background research and an exploratory project. Same as ECE 524. Prerequisite: CS 461 or CS 463.",4 hour,Same as ECE 524. Prerequisite: CS 461 or CS 463.,,,,,,,,,,
105,572,Extremal Graph Theory,Same as MATH 581. See MATH 581.,4 hour,Same as MATH 581. See MATH 581.,,,,,,,,,,
106,579,Computational Complexity,"Turing machines; determinism and non-determinism; time and space hierarchy theorems; speed-up and tape compression; Blum axioms; structure of complexity classes NP, P, NL, L, and PSPACE; complete problems; randomness and complexity classes RP, RL, and BPP; alternation, polynomial-time hierarchy; circuit complexity, parallel complexity, NC, and RNC; relativized computational complexity; time-space trade-offs. Same as ECE 579. Prerequisite: CS 473 or CS 475.",4 hour,Same as ECE 579. Prerequisite: CS 473 or CS 475.,,,,,,,,,,
107,581,Algorithmic Genomic Biology,"The purpose of the course is to give each student enough background and training in the area of algorithmic genomic biology so that each will be able to do research in this area, and publish papers. The main focus of the course is phylogeny (evolutionary tree) estimation, multiple sequence alignment, and genome-scale phylogenetics, which are problems that present very interesting challenges from a computational and statistical standpoint. Time permitting, we will also discuss computational problems in microbiome analysis, protein function and structure prediction, genome assembly, and even historical linguistics. Students will learn the mathematical and computational foundations in these areas, read the current literature, and do a team research project. The course is designed for doctoral students in computer science, computer engineering, bioengineering, mathematics, and statistics, and does not depend on any prior background in biology. The technical material will depend on discrete algorithms, graph theory, simulations, and probabilistic analysis of algorithms. 4 graduate hour No professional credit. Prerequisite: CS 374 and CS 361/STAT 361, or consent of instructor.",4 hour,"4 graduate hour No professional credit. Prerequisite: CS 374 and CS 361/STAT 361, or consent of instructor.",,,,,,,,,,
108,586,Combinatorial Optimization,Same as IE 519. See IE 519.,4 hour,Same as IE 519. See IE 519.,,,,,,,,,,
109,591,Advanced Seminar,"Seminar on topics of current interest as announced in the Class Schedule. Approved for S/U grading only. May be repeated in the same or separate terms if topics vary. Prerequisite: As specified for each topic offering, see Class Schedule or departmental course description.",0 TO 4 hour,"Approved for S/U grading only. May be repeated in the same or separate terms if topics vary. Prerequisite: As specified for each topic offering, see Class Schedule or departmental course description.",,CS Colloquium,,,,,,,,
110,591,Advanced Seminar,"Seminar on topics of current interest as announced in the Class Schedule. Approved for S/U grading only. May be repeated in the same or separate terms if topics vary. Prerequisite: As specified for each topic offering, see Class Schedule or departmental course description.",0 TO 4 hour,"Approved for S/U grading only. May be repeated in the same or separate terms if topics vary. Prerequisite: As specified for each topic offering, see Class Schedule or departmental course description.",,ADV Sem in Distributed Systems,,,,,,,,
111,591,Advanced Seminar,"Seminar on topics of current interest as announced in the Class Schedule. Approved for S/U grading only. May be repeated in the same or separate terms if topics vary. Prerequisite: As specified for each topic offering, see Class Schedule or departmental course description.",0 TO 4 hour,"Approved for S/U grading only. May be repeated in the same or separate terms if topics vary. Prerequisite: As specified for each topic offering, see Class Schedule or departmental course description.",,Teaching Assistant Training,,,,,,,,
112,591,Advanced Seminar,"Seminar on topics of current interest as announced in the Class Schedule. Approved for S/U grading only. May be repeated in the same or separate terms if topics vary. Prerequisite: As specified for each topic offering, see Class Schedule or departmental course description.",0 TO 4 hour,"Approved for S/U grading only. May be repeated in the same or separate terms if topics vary. Prerequisite: As specified for each topic offering, see Class Schedule or departmental course description.",,CS Speaker Series,,,,,,,,
113,591,Advanced Seminar,"Seminar on topics of current interest as announced in the Class Schedule. Approved for S/U grading only. May be repeated in the same or separate terms if topics vary. Prerequisite: As specified for each topic offering, see Class Schedule or departmental course description.",0 TO 4 hour,"Approved for S/U grading only. May be repeated in the same or separate terms if topics vary. Prerequisite: As specified for each topic offering, see Class Schedule or departmental course description.",,Excursions in computing,,,,,,,,
114,591,Advanced Seminar,"Seminar on topics of current interest as announced in the Class Schedule. Approved for S/U grading only. May be repeated in the same or separate terms if topics vary. Prerequisite: As specified for each topic offering, see Class Schedule or departmental course description.",0 TO 4 hour,"Approved for S/U grading only. May be repeated in the same or separate terms if topics vary. Prerequisite: As specified for each topic offering, see Class Schedule or departmental course description.",,Distributed Systems Seminar,,,,,,,,
115,591,Advanced Seminar,"Seminar on topics of current interest as announced in the Class Schedule. Approved for S/U grading only. May be repeated in the same or separate terms if topics vary. Prerequisite: As specified for each topic offering, see Class Schedule or departmental course description.",0 TO 4 hour,"Approved for S/U grading only. May be repeated in the same or separate terms if topics vary. Prerequisite: As specified for each topic offering, see Class Schedule or departmental course description.",,PHD Orientation Seminar,,,,,,,,
116,591,Advanced Seminar,"Seminar on topics of current interest as announced in the Class Schedule. Approved for S/U grading only. May be repeated in the same or separate terms if topics vary. Prerequisite: As specified for each topic offering, see Class Schedule or departmental course description.",0 TO 4 hour,"Approved for S/U grading only. May be repeated in the same or separate terms if topics vary. Prerequisite: As specified for each topic offering, see Class Schedule or departmental course description.",,Software Engineering Seminar,,,,,,,,
117,597,Individual Study,Individual study or reading in a subject not covered in normal course offerings. May be repeated. Prerequisite: Consent of instructor.,2 TO 16 hour,May be repeated. Prerequisite: Consent of instructor.,,,,,,,,,,
118,598,Special Topics,Subject offerings of new and developing areas of knowledge in computer science intended to augment the existing curriculum. See Class Schedule or departmental course information for topics and prerequisites. May be repeated in the same or separate terms if topics vary.,2 TO 4 hour,May be repeated in the same or separate terms if topics vary.,,Topics in Graph Algorithms,,,,,,,,
119,598,Special Topics,Subject offerings of new and developing areas of knowledge in computer science intended to augment the existing curriculum. See Class Schedule or departmental course information for topics and prerequisites. May be repeated in the same or separate terms if topics vary.,2 TO 4 hour,May be repeated in the same or separate terms if topics vary.,,Data Mining Capstone,,,,,,,,
120,598,Special Topics,Subject offerings of new and developing areas of knowledge in computer science intended to augment the existing curriculum. See Class Schedule or departmental course information for topics and prerequisites. May be repeated in the same or separate terms if topics vary.,2 TO 4 hour,May be repeated in the same or separate terms if topics vary.,,Advanced Bayesian Modeling,,,,,,,,
121,598,Special Topics,Subject offerings of new and developing areas of knowledge in computer science intended to augment the existing curriculum. See Class Schedule or departmental course information for topics and prerequisites. May be repeated in the same or separate terms if topics vary.,2 TO 4 hour,May be repeated in the same or separate terms if topics vary.,,Prov Eff Algo  Num & Comb Prob,,,,,,,,
122,598,Special Topics,Subject offerings of new and developing areas of knowledge in computer science intended to augment the existing curriculum. See Class Schedule or departmental course information for topics and prerequisites. May be repeated in the same or separate terms if topics vary.,2 TO 4 hour,May be repeated in the same or separate terms if topics vary.,,Knowledge-driven Nat Lang Gen,,,,,,,,
123,598,Special Topics,Subject offerings of new and developing areas of knowledge in computer science intended to augment the existing curriculum. See Class Schedule or departmental course information for topics and prerequisites. May be repeated in the same or separate terms if topics vary.,2 TO 4 hour,May be repeated in the same or separate terms if topics vary.,,Advanced Social & Information,,,,,,,,
124,598,Special Topics,Subject offerings of new and developing areas of knowledge in computer science intended to augment the existing curriculum. See Class Schedule or departmental course information for topics and prerequisites. May be repeated in the same or separate terms if topics vary.,2 TO 4 hour,May be repeated in the same or separate terms if topics vary.,,Network Mining,,,,,,,,
125,598,Special Topics,Subject offerings of new and developing areas of knowledge in computer science intended to augment the existing curriculum. See Class Schedule or departmental course information for topics and prerequisites. May be repeated in the same or separate terms if topics vary.,2 TO 4 hour,May be repeated in the same or separate terms if topics vary.,,Computational Cancer Genomics,,,,,,,,
126,598,Special Topics,Subject offerings of new and developing areas of knowledge in computer science intended to augment the existing curriculum. See Class Schedule or departmental course information for topics and prerequisites. May be repeated in the same or separate terms if topics vary.,2 TO 4 hour,May be repeated in the same or separate terms if topics vary.,,Probabilistic Graphical Models,,,,,,,,
127,598,Special Topics,Subject offerings of new and developing areas of knowledge in computer science intended to augment the existing curriculum. See Class Schedule or departmental course information for topics and prerequisites. May be repeated in the same or separate terms if topics vary.,2 TO 4 hour,May be repeated in the same or separate terms if topics vary.,,fixed-parameter tractable algo,,,,,,,,
128,598,Special Topics,Subject offerings of new and developing areas of knowledge in computer science intended to augment the existing curriculum. See Class Schedule or departmental course information for topics and prerequisites. May be repeated in the same or separate terms if topics vary.,2 TO 4 hour,May be repeated in the same or separate terms if topics vary.,,App-Cust Heterogeneous Systems,,,,,,,,
129,598,Special Topics,Subject offerings of new and developing areas of knowledge in computer science intended to augment the existing curriculum. See Class Schedule or departmental course information for topics and prerequisites. May be repeated in the same or separate terms if topics vary.,2 TO 4 hour,May be repeated in the same or separate terms if topics vary.,,Foundations of Data Curation,,,,,,,,
130,598,Special Topics,Subject offerings of new and developing areas of knowledge in computer science intended to augment the existing curriculum. See Class Schedule or departmental course information for topics and prerequisites. May be repeated in the same or separate terms if topics vary.,2 TO 4 hour,May be repeated in the same or separate terms if topics vary.,,Adv Software Testing and Debug,,,,,,,,
131,598,Special Topics,Subject offerings of new and developing areas of knowledge in computer science intended to augment the existing curriculum. See Class Schedule or departmental course information for topics and prerequisites. May be repeated in the same or separate terms if topics vary.,2 TO 4 hour,May be repeated in the same or separate terms if topics vary.,,Adversarial Machine Learning,,,,,,,,
132,598,Special Topics,Subject offerings of new and developing areas of knowledge in computer science intended to augment the existing curriculum. See Class Schedule or departmental course information for topics and prerequisites. May be repeated in the same or separate terms if topics vary.,2 TO 4 hour,May be repeated in the same or separate terms if topics vary.,,Conceptual Change in CS Edu.,,,,,,,,
133,598,Special Topics,Subject offerings of new and developing areas of knowledge in computer science intended to augment the existing curriculum. See Class Schedule or departmental course information for topics and prerequisites. May be repeated in the same or separate terms if topics vary.,2 TO 4 hour,May be repeated in the same or separate terms if topics vary.,,Deep Learning Theory,,,,,,,,
134,598,Special Topics,Subject offerings of new and developing areas of knowledge in computer science intended to augment the existing curriculum. See Class Schedule or departmental course information for topics and prerequisites. May be repeated in the same or separate terms if topics vary.,2 TO 4 hour,May be repeated in the same or separate terms if topics vary.,,Tensor Computations,,,,,,,,
135,598,Special Topics,Subject offerings of new and developing areas of knowledge in computer science intended to augment the existing curriculum. See Class Schedule or departmental course information for topics and prerequisites. May be repeated in the same or separate terms if topics vary.,2 TO 4 hour,May be repeated in the same or separate terms if topics vary.,,"ML for Sys, Netwrks & Security",,,,,,,,
136,598,Special Topics,Subject offerings of new and developing areas of knowledge in computer science intended to augment the existing curriculum. See Class Schedule or departmental course information for topics and prerequisites. May be repeated in the same or separate terms if topics vary.,2 TO 4 hour,May be repeated in the same or separate terms if topics vary.,,Info Extr and Knowledge Acq,,,,,,,,
137,598,Special Topics,Subject offerings of new and developing areas of knowledge in computer science intended to augment the existing curriculum. See Class Schedule or departmental course information for topics and prerequisites. May be repeated in the same or separate terms if topics vary.,2 TO 4 hour,May be repeated in the same or separate terms if topics vary.,,High-Speed/Progrmable Networks,,,,,,,,
138,598,Special Topics,Subject offerings of new and developing areas of knowledge in computer science intended to augment the existing curriculum. See Class Schedule or departmental course information for topics and prerequisites. May be repeated in the same or separate terms if topics vary.,2 TO 4 hour,May be repeated in the same or separate terms if topics vary.,,Algorithms for 1D Structures,,,,,,,,
139,598,Special Topics,Subject offerings of new and developing areas of knowledge in computer science intended to augment the existing curriculum. See Class Schedule or departmental course information for topics and prerequisites. May be repeated in the same or separate terms if topics vary.,2 TO 4 hour,May be repeated in the same or separate terms if topics vary.,,Machine Lrning Computation Bio,,,,,,,,
140,598,Special Topics,Subject offerings of new and developing areas of knowledge in computer science intended to augment the existing curriculum. See Class Schedule or departmental course information for topics and prerequisites. May be repeated in the same or separate terms if topics vary.,2 TO 4 hour,May be repeated in the same or separate terms if topics vary.,,Energy-Efficient Comp Architec,,,,,,,,
141,598,Special Topics,Subject offerings of new and developing areas of knowledge in computer science intended to augment the existing curriculum. See Class Schedule or departmental course information for topics and prerequisites. May be repeated in the same or separate terms if topics vary.,2 TO 4 hour,May be repeated in the same or separate terms if topics vary.,,Listening to Social Universe,,,,,,,,
142,598,Special Topics,Subject offerings of new and developing areas of knowledge in computer science intended to augment the existing curriculum. See Class Schedule or departmental course information for topics and prerequisites. May be repeated in the same or separate terms if topics vary.,2 TO 4 hour,May be repeated in the same or separate terms if topics vary.,,Social Spaces on the Internet,,,,,,,,
143,598,Special Topics,Subject offerings of new and developing areas of knowledge in computer science intended to augment the existing curriculum. See Class Schedule or departmental course information for topics and prerequisites. May be repeated in the same or separate terms if topics vary.,2 TO 4 hour,May be repeated in the same or separate terms if topics vary.,,Advanced Multimedia Systems,,,,,,,,
144,598,Special Topics,Subject offerings of new and developing areas of knowledge in computer science intended to augment the existing curriculum. See Class Schedule or departmental course information for topics and prerequisites. May be repeated in the same or separate terms if topics vary.,2 TO 4 hour,May be repeated in the same or separate terms if topics vary.,,Improving Your Research Skills,,,,,,,,
145,598,Special Topics,Subject offerings of new and developing areas of knowledge in computer science intended to augment the existing curriculum. See Class Schedule or departmental course information for topics and prerequisites. May be repeated in the same or separate terms if topics vary.,2 TO 4 hour,May be repeated in the same or separate terms if topics vary.,,Learning to learn,,,,,,,,
146,598,Special Topics,Subject offerings of new and developing areas of knowledge in computer science intended to augment the existing curriculum. See Class Schedule or departmental course information for topics and prerequisites. May be repeated in the same or separate terms if topics vary.,2 TO 4 hour,May be repeated in the same or separate terms if topics vary.,,Methods for Bld Auton Vehicles,,,,,,,,
147,598,Special Topics,Subject offerings of new and developing areas of knowledge in computer science intended to augment the existing curriculum. See Class Schedule or departmental course information for topics and prerequisites. May be repeated in the same or separate terms if topics vary.,2 TO 4 hour,May be repeated in the same or separate terms if topics vary.,,Stat Reinforcement Lrng,,,,,,,,
148,598,Special Topics,Subject offerings of new and developing areas of knowledge in computer science intended to augment the existing curriculum. See Class Schedule or departmental course information for topics and prerequisites. May be repeated in the same or separate terms if topics vary.,2 TO 4 hour,May be repeated in the same or separate terms if topics vary.,,Mach Lrng for Signal Processng,,,,,,,,
149,598,Special Topics,Subject offerings of new and developing areas of knowledge in computer science intended to augment the existing curriculum. See Class Schedule or departmental course information for topics and prerequisites. May be repeated in the same or separate terms if topics vary.,2 TO 4 hour,May be repeated in the same or separate terms if topics vary.,,Practical Statistical Learning,,,,,,,,
150,598,Special Topics,Subject offerings of new and developing areas of knowledge in computer science intended to augment the existing curriculum. See Class Schedule or departmental course information for topics and prerequisites. May be repeated in the same or separate terms if topics vary.,2 TO 4 hour,May be repeated in the same or separate terms if topics vary.,,Antisocial Computing,,,,,,,,
151,598,Special Topics,Subject offerings of new and developing areas of knowledge in computer science intended to augment the existing curriculum. See Class Schedule or departmental course information for topics and prerequisites. May be repeated in the same or separate terms if topics vary.,2 TO 4 hour,May be repeated in the same or separate terms if topics vary.,,Algorithmic Game Theory,,,,,,,,
152,598,Special Topics,Subject offerings of new and developing areas of knowledge in computer science intended to augment the existing curriculum. See Class Schedule or departmental course information for topics and prerequisites. May be repeated in the same or separate terms if topics vary.,2 TO 4 hour,May be repeated in the same or separate terms if topics vary.,,Approx & Probabilistic Comp,,,,,,,,
153,598,Special Topics,Subject offerings of new and developing areas of knowledge in computer science intended to augment the existing curriculum. See Class Schedule or departmental course information for topics and prerequisites. May be repeated in the same or separate terms if topics vary.,2 TO 4 hour,May be repeated in the same or separate terms if topics vary.,,Advance Bioinformatics,,,,,,,,
154,598,Special Topics,Subject offerings of new and developing areas of knowledge in computer science intended to augment the existing curriculum. See Class Schedule or departmental course information for topics and prerequisites. May be repeated in the same or separate terms if topics vary.,2 TO 4 hour,May be repeated in the same or separate terms if topics vary.,,Fine-Grained Algorithms,,,,,,,,
155,599,Thesis Research,Approved for S/U grading only. May be repeated.,0 TO 16 hour,Approved for S/U grading only. May be repeated.,,,,,,,,,,